name,follower_count,following_count
vczh,716985,2755
weidadesiyu,20,36
谭mm,1,19
TonyViceCity,1,56
ape1024,1,6
Doct.orz,10,23
星辰,2,154
懒叻,2,14
杨化,9,112
Miss Sherlock,141,528
Saya,1573,28
阳阳不胖,443,11
猫咪,349,12
苏哈,610,9
阿清,120,108
Chen Cheng,1238,36
马天一,5,40
吕智�?185,10,13
cheng dog,3,23
Sean Ye,246334,285
布丁奶茶,1864,10
狐狸君raphael,6127,89
纽约老李校长,189056,51
watersky222,164,23
克里斯蒂娜酱,62275,586
王朋,6,166
玛莉莲·梦圆儿,16155,132
ELCARIM,9,281
朱俊,1,1
周源,867794,2146
麦斯威尔-兔子,694,341
Jennyworldtravel,1180,19
梦雪,357,352
约克公爵,22826,2259
南宫靖宇,65,142
禹汐,48545,207
该用户不存在,2932,82
熊群,49137,149
南方,3,129
MadLife,1,39
心头血,27137,61
梓曦,2,182
wowowo,2,45
触乐,94673,138
霍老爷,200952,354
麟书,4,53
我就是胡说的,355,4856
王鹏,9,36
[已重置],54,4962
大果,234308,229
Joggy Chu,8,54
MMMiao,17,234
禁止禁止,1819,2017
卡卡,24228,268
小小,48,3625
不信赵的低端用户,9,507
十年,2,394
Tony Wong,95021,593
梦泽,41,99
sailsmoon,9,37
欧阳武睿,1,49
穹黛,139,4614
xavier wang,6,41
孔荷,2,51
Neecube,358,3826
蔺且,44309,259
芒果诗人,4,244
meagloria,155248,337
珠帘寨主,6928,57
Avril Leung,98,82
嗷嗷,1,2
凉枝,2,10
yyw,1,6
CC Monica,197,1147
�?7,5,5
dong shi,1482,82
小凉-Kelix,4,3
Manual,1,2
[已重置],57,4964
曾可,1,135
莫子,1,96
hantoze,128,15
脆桃,1,7
13415502831,2,6
张攀,19,66
昭焰,30,205
Shimizumint,68678,512
梁源,33305,419
mimiliang,273,5
Yan Tim,22,214
李楠,428041,311
杜斌,2,18
JuveZXY,12,20
[已重置],62,4961
暖阳,7,185
G点点,1,3
[已重置],55,4959
王瀚瑶,1,42
[已重置],59,4979
左倾的蛋挞,167,107
KJ.SS,93,69
季偶,97,4869
LBYBH,3,36
Andy Lee,44305,165
孙凝,2,12
玉衡,25,859
LinkedIn领英中国,31337,15
冰井,22,523
Errors,1,82
FYYF,1,2
付华,14,63
Joe Chan,76,117
潘潘,2,195
飞隅,4384,13
惊云,52509,288
楚轩,156,3166
青葱少年,8707,1148
Aaron Li,1,172
送零食了,150,4898
冯晗,178097,430
PN-CANSS,5,100
奔跑狗子,7,28
frank li,2,97
来世为喵,8,28
安心,9,226
Oimiac,11,3
Lee0122,4,485
ffcfg,2,59
赖几,563,287
Jasmine,1,7
Grigori,1,2
王一,10,224
BenChild,6,18
大雪将至,2,100
迷途的羔羊,8,161
钧钧,3,122
纳兰容平,4,95
Noah Schnapp,468,4
3C48,229,192
夕颜,13,6
Delia,328,6
白雪,222,19
桃李不言,151,136
WeirdeCat,495,1
FLaxen,7537,120
Alice 静静,1554,5
气泡集铺,9,9
Vincent,48,913
wenn,1136,1
FitTime即刻运动,56734,3
没事干研究院,68799,5
小新,185,3
林晨,1201,3
Scarlett.W,549,179
Kiwi,24461,496
[已重置],19,274
闻佳,354971,586
sLoTh,5,176
鲲羽,6,159
三木,136,3837
[已重置],628,207
满身花影,10839,7
高考逆袭黑马,919,8
fantasy,1429,1626
了了,2,140
妮妮,291,4
幻希,363,8
老鹰,62,37
pengp,13,511
林烁,24914,54
Jennyyy,522376,382
刘然,11974,149
DSP大神,2382,81
李飒,1389,9
HK,2382,112
Lixs,288,1789
qwer,14,595
elowcarbon,320,3521
dangerous girl,3217,31
Ezreal,17,97
曹植,8,47
Jeff YU,8294,251
赤坂,24091,125
大熊,209205,316
Benny是个文青,1815,2
德川咪咪,103834,357
式微,47819,191
周绾,17516,354
JOYzrr,11,145
辣辣,220,178
秦淮,1021,3
茗薇Mint,1483,94
Aries Tsou,26,403
Sheena,13454,2
无限富江,12713,43
NGC4038,2,128
[已重置],13,107
赵翼,2,133
胡俊一,42,27
白玉,403,605
猫毛毛靴,321,118
wayyls,13,405
书童,12,318
阿烈,458,55
米柔先生,166,691
影法,4,504
Burroon,3,20
季节,21,56
不羁,846,1
夫洛,202,23
XYW,188,195
萧涵,6,147
Matthew Chen,48,396
机房之夜,19,604
咕哩niyiting,1,4
何斌,2241,303
咪咪,1,10
李彻,3,115
MJ勺子,154043,262
开枪吧是我,38,28
余弦,171358,95
ayyo,2358,858
Leo Leo,12,61
邵爷,1,7
Nines,79,65
肥虫,52489,63
xinhe sun,6378,255
chandler,188,690
行动上的矮子,3,54
利落,449,855
小疼,214,253
关耳尔,5,107
吉利吉利,9232,538
李盆,44834,165
慧贞,199,12
我们没有明天,2,195
以太创服,93794,60
希粟,1,3
999kkdfrgstg,19,2198
qi guo,5,141
不闻岁月,1068,112
礼心,425,51
芳缘地区路比,758,633
lxl,34,54
不懂就问的Frank,1,332
皎月凝霜,167,9
赵鑫,1152,198
K嘻嘻,10,519
谌斌,100852,1259
阿三神曲,2,13
波波,9,715
DeepDarkFantasy,5,112
皎皎,2,11
Triston,4,514
IT民工,81,280
林肯,5,141
Charmi,10695,70
林岚,1,131
Andy Blue,11,70
刘志,31,1900
高思远,19,2299
justjust,145,3650
杨晨,59,2935
郑生,78,4991
[已重置],19579,34
973,6,42
埼玉老师,4,47
北野,260,2
Stuff,42,1912
广儿,591,1687
徐辰,3518,232
罗蕾,20,44
Meng Lei,166,183
青菜萝卜,5,21
Luo Patrick,316979,523
一本黑,16482,42
周栎,1,26
Quadimension,53,47
谢超,104,677
黑洞VC,6,2
王奕,1,13
端憲,233,5
Shelly,2,114
刀刀,92951,195
林夕,14924,360
怀忆彤,129,4904
知识分子,42754,8
zyt,8,153
陈诺,47280,353
双木,4,53
赵丹,1,9
诸葛不要,122819,640
Avatar Ye,79159,374
夜鹰,6,627
桑野信介,327,4
茶黎,2,129
北冥有鱼,114,3807
樊贺,55892,735
asukaid,620,4978
董刘,1123,570
Ann大爷,19563,23
闪光少女,4353,28
夕小瑶Elsa,7076,121
故事与你,1,5
Sylvia Wang,39773,293
法眼(民事法官),1814,18
kongniq,2914,2
陈琅,2,20
非良怎知情深,5,708
Whisperd,2,187
立早,2,426
inca,38,3119
林森,59,351
小野妹子,1148,91
Shall,3,254
子龙花卉折纸,35,1243
海尔文化,2515,39
TONYHEAD,1607,3353
Ezio梓喵,1020,1
陈磊,6396,4885
自我奋斗,579,16
Zzzzzz,12,97
M隊长,15,58
小克,219,17
纯白w,1,1
yang元祐,10836,928
你可以亲我了,2,222
曹江,4050,65
玄不救非氪不改命,119321,65
想要快乐的我,19,1822
大侠来也,1,60
语葭,8,53
人类,8,1725
捡牛粪长大的巴图,1250,445
微小V营销手机,5,84
Vincent,5,453
Jackie,3,71
unicar,2890,94
钻石太太Caroline,120476,49
爱吃鱼的虾米,6,103
林儿,16,42
FionaH,5373,535
江岑,51,347
坦嚼,133,1753
Steve SHEN,2771,4996
小野妹子,28318,1
絮西,6835,22
yanyan,11,524
xinyu xie,9,760
AngelinaAngelina,1140,40
Samson,2,50
石头,1,55
俺老猪,7,160
唐小开,14901,390
小屁孩Chloe,17,96
龙憩,56,857
喵生愉快,1,47
李宁,37,4535
杀千刀,2,14
月木子明,161,215
KaiserRoe,5,569
勿忘初心,1,1
deepindigo,91,918
离歌,378,4998
椰壳,72,107
总是那么遥远,3,33
焦妮,418,2550
ARWEN,463,284
鬼气狂澜,78,564
SuperFashi,958,155
何尚,2,152
Nanai,219,184
李腾,97651,188
点儿姑娘,394,2117
Remi,11,48
葛奇,58,1549
武升堂内家拳,75,781
tao半刀,10,43
孙健,2,74
巴西太守,660,662
mm su,34,502
搞猫,5,241
大头,3,64
CVaR,2,133
凡人,3,217
[已重置],91,4914
快乐就似空气,3,463
桃酥,3,38
Phoenix Lee,3,118
Tim,537,4855
诺燕smile,2,29
[已重置],14,478
张帅,61,427
恋人姓丘,3,2
赏味不足,7102,440
savdell,2,122
Woody Lu,2,390
张谦,45,648
Julia Zhao,225,213
阿司匹林,6,26
第二云悟,5,1
Francis Guo,3,43
HHHHHH,6,157
Andy Ding,49,60
peaaaaaa,1,3
子夜清清,4,23
淙淙,1,2
Jun的碎碎念,2330,13
sjem,3,121
Mavic,9003,24
泓岫,13,292
战狼,33,1351
帅德菲启,2,4
韩冰,111,2585
雁飞,2,92
Gavin CXW,11324,249
l-lW,1142,71
Limerence,406,7
ma quan,34,1
小鹿呀,17,217
膘膘,3,33
想安安静静的睡觉,3,83
骆驼,16,557
芋圆三号,1061,823
木石,23,223
Rdxxxx,10,149
万柯,8,13
裸食,12363,831
张章,37,2277
朱骏,60,122
是男王不是男娃儿,3,324
简囧囧,1,1
别逗我玩啊,34,69
Max,3,41
懒懒散散,8,55
朱里,3946,186
北京千锋互联科技有限公司,293,17
翆時�?須賀,5,48
鲁伊,39377,20
不搞笑大王连辰晓,93310,251
HeiSiLan,3,53
晓东,5,7
Jane,4,10
cat bir,10876,216
她t,1,326
abcde12345,3240,18
青木,221,1
June,208,1
云舞空城,87930,100
姜五,2898,70
Deja-vu,2091,39
Hiyanyuan,740,4
Lindsay林赛,2442,36
河外星系系花,1292,29
judychu,789,1
阿楷,1952,34
人神共奋,63648,70
ace zh,12541,18
奶油泡芙,492,18
QQQQQQQ,506,15
狮心,18661,224
Lara,2227,55
雷梅苔丝,86529,340
马虫 医生,73313,90
么瑞,4,8
咸咸xi,4,36
yiiran,1026,25
锌镭,29,263
vanney,13,510
Notung,1,9
拂晓,17,38
小凌,1,75
龙腾道默默地,1223,3066
CelestialEdge,2,276
Dendim0N,25,28
ONE-X,1,3
呵呵,120616,669
玄哲,323,21
情感咨询顾问-徐老师,115,4317
WJMES,8,1165
DorothysKKZ,133,11
神舞天霜,3,5
SDU的小z,1,35
护肤专家悦婵姐姐,79,8
浮丣今生,6,22
李直,3,8
千锋教育,532,38
fighting,23,1606
闲人,9,327
youngs,678,8
送零食了,197,4962
朱朱妹s,119880,263
Jarod Zhang,19759,138
wier,9,116
学习的我,309,301
蛋糕店老板,439,4904
鑫毅YXY,340,14
陈谷,93,2131
老李,8,1005
HC.Miracle,3,52
魔鬼中的天使,1,63
猫球,147050,138
Candy,119,2898
Laughing,16148,25
李磊,3,289
米尔大哥,6,2
阿端,136,276
十八画生,592,2997
周钰,1,158
菲丝婆婆,135,90
Holmes,10,99
Elbereth W,427,34
[已重置],24,4978
RONINmind,6082,446
阿三633,7134,17
姜波,1,15
[已重置],39,4970
张亮,830663,2482
刘洋,5,368
啊啊你猜有几个啊,3,227
运动训练 李强,362,165
IveS,11,483
Molly Wei,1481,375
余润,1,1
Chant Zine,70,29
萧遥,221,305
henry,3,17
YS HUang,174,121
[已重置],7,340
CAUCLIE,1,131
Saliya,1184,2
猫会有的,7,14
甘露,6104,16
千里奔腾,1,23
不苦,10,442
阿呆,1,261
美食,42,4960
送零食了,46,4968
忘川,95,17
大象公会,19207,52
李子李子短信,445,88
鲜木泽华,9,54
Meng Chen,1,51
CHENQIcheng,428,50
yifan wu,1450,180
肉饼,321,170
sandy,275,14
关键先生,1,2
VerTig0,33,24
Echo大头,9089,4
cc wong,6540,23
TOPZdp,9,9
李杰,2,29
Eric,1751,3314
Kooncong,47251,16
牛仔很萌,1,71
一个不简单的男人,6,4
hchen,2,209
君向,260,3355
锦瑟.年华,54,2032
娜娜,40439,36
帅哥,3,217
考研�?018,6,250
快乐时光,18,2294
星际能源研究所,11,739
只与你说,19,46
Louis,2440,33
孤月随枫,50,3206
ccc,9,109
[已重置],82,4934
[已重置],66,4912
saman,23,128
gabriel,1,138
Karma,8,665
四口,4,708
立青,2,3
早安,110,129
王勇,2,558
野马,293,107
雷顿教授,5,52
LIANHUA,1,60
飘雪,51,3425
政治卷子,1,45
Wang samul,146,1350
Yiqin Fu,61824,952
莎漠,34982,1
丁丁,95818,91
网易美学,63173,15
罗林浩Rman,1331,198
Pojian,64,106
Taurus,6,52
MaskRay,1680,123
无关风月,35,282
好久不见,5,10
那天,18559,5
刘鹏,470,105
郭哥最亮亮,2,2
Xerxes Wong,4,6
梁悦,105901,784
拇姬,43734,37
知闻Rogue,115413,104
東京教父,9657,22
闲来说车,13041,15
利兄,73235,112
Mr y,25281,10
陈涤,57703,450
孟大明白,7243,3
吴用,76,1465
徐戈,33026,176
磐石,27015,346
创梦星团�?,2,95
Shuni,126,5
啊啾,1046,1361
[已重置],25,1009
加兰德老枪,62,87
Tutu,19,157
热雪少女,28,287
Cello Chilly,24,319
德华弟弟,3,99
种菜的小朋友,27,94
Forwil,542,150
红酥手贱,5670,298
孤独凤凰战士,29383,23
鹿老爷,1537,56
李老鼠,313619,248
态度,62,18
来自星星的萌医生,120695,206
srdmm,8344,86
talich,336551,142
吴思涵,34303,173
亨利,14,914
绘铃,25,69
咸蛋齁人,4,58
这里有一些火山灰,3,23
七七,7,11
火星天文学家,8794,160
李路,9567,168
马丁.Success,61779,548
Christopher Zhao,250,161
dgx1223123,1,60
戊寅,43,3364
耶律大石,5,199
落萧,5,244
曾轶,13626,1827
贺嘉,126174,721
古龙,5,484
im-Jay,13064,676
寻欢作乐,1967,20
x2it,130,5000
Sherry Li,115334,343
卢逸远,29,25
Rachel,3,17
曼达,91572,14
Macro kuo,21999,23
从露,314,2306
落叶,235,2187
子夏,80,3258
pansz,230360,643
秦川,10,18
以冬,103,5000
北卡,2,27
斑班,2,51
未央,2,22
西瓜姐姐,2,38
型爷,97403,73
木山,34184,80
青衫磊落,2,12
Lzd,19,4
诸葛小白,22,129
深夜徐老师,186934,273
郭郭,2,306
每到春来,26,14
可儿,1,10
路过人间,1,141
乔木峥嵘,1,7
[已重置],118,4897
van der Hans,159,266
年轻不嗨老年痴呆,14,415
庄生晓梦,1118,37
lujiaqiooo,163,239
[已重置],55,4958
Lesli Li,2,174
GiGi哈迪,25,121
[已重置],67,4968
送零食了,75,4965
房昊,63667,496
xzz111,1,18
夏木,10664,537
nlobozzw,1,227
少年,10,200
此人已故1221,43,429
花总丢了金箍棒,115710,35
一块聊,25,561
邵逸飞,1,6
陆清,1,60
星星,19,385
方同,140,402
queen,5,20
莱特医药猎头,45,69
澜心,40790,453
刘某不备,18,310
LeeYi,1,7
shmily,15,120
雪月舞心,3546,9
Human touch,274,5000
贝秋,12717,15
徐辛,1,34
王珦,24061,309
那尾巴没有狗,500,2416
徐老丝,5,8
王vera,5,12
Celeste Mute,1,8
千木水又,822,28
薄暮,56,803
千殇百陌,8,5
不是吃货,414,893
边缘人类,2,254
公交车痴�?.0,47,146
梧桐ly,103,831
江涛,3259,356
牛奶,9,385
安思源,68,105
Masker,81,36
齐天大圣,11,12
吴艳,83,3
可可苏玛,33408,873
益亩良田,6913,345
美少女壮士琳,111954,312
安李,17560,367
Hi-iD,191518,382
徐清,2,120
枫然,41877,69
古代优雅生活指南,3687,3
stillsummer,3,208
何川,134,391
cleopatra-S,9270,15
赵鑫,1,5
迷途小书童,2,104
佐藤謙一,294585,19
钟原,27,221
逍遥神君,4,539
Ymy98,2,51
Dorothydeng,161,256
mooncat,4,10
刘柯,21731,1545
姚冬,98547,780
小宋song,15,885
ikarosstu,5,52
Qing Qing,1849,27
许毅,73,83
星辰大海,44,2444
XX OO,8,1068
陈颖,1,19
AhtnamaS,10,47
蓬莱,5,1209
刘研,2,12
江坤,3,7
freedom,11,68
houseabcl,88,215
云淖,694,76
Wei William,25166,234
closerer,7402,250
框框框子,36587,486
碎瓦,54423,271
Karis Yu,231,13
S一Quinn,2,18
普洱,808,29
唐唐,1,34
Young Master,3,88
若秋,3,18
小叶代青,2523,22
送零食了,68,4962
桔子慕斯,671,12
南施菇凉,2534,15
沙砾,4,176
PLUNIFY,76,4
Dr.Wu,7174,737
桑见,14,487
UP.LI,5,44
东东,93,4999
椰子,339,6
Wayne Lu,12,734
成远,165695,5696
BabeDemon,64,56
上官茜茜,43,154
Alicia HAN,756,154
[已重置],9,254
池也,8084,14
自由手工,36,73
颦儿,4,54
牧羊人的戒指,2,52
曼曼,13038,240
萌鹿,578,124
铭蔚,32690,263
经雷,137267,407
赵众,39,23
阿狸嚯哈,6,128
马贤,487,280
胡浩,347,641
NEW�?呢喃,343,457
金SIR,2,800
爱胡闹的小袁,14,644
yinuo li,16,170
日生日生,27747,28
Lan,5,107
旅程,135,516
兽性大发小肥羊,44,2206
Ztuzter,1,19
半夏微凉,2,9
铁柱,2026,246
[已重置],27,267
nuaa0702,3,7
温良,3,80
唐棣,39221,512
室明,3,71
苏悦,1526,29
Anohana,61995,204
二胡,57,610
颜非言,706,4
大吉,685,752
天鹅湖畔少儿芭蕾,142,9
Drongs,1,9
Jenny,4,38
Liao,521,1479
Bigmac,16,996
Luke Lee,3,15
Vesper Deng,5,555
任珏,1,85
Vera 静水深流,116,154
爱电影爱生活的好朋友,4,2
兰尼,15022,237
翡冷翠人,3,116
chenzhenxu,6,33
freddy,1744,4
草间弥生,3,13
Sylvanas,26491,28
水水,1341,137
千年放浪,13389,109
日超,1,8
su27,711,143
caolingling,1,13
添瑾,10,124
高雅,2,35
昨夜以往,1,75
�?47,3,28
RANLIU,1,4
天下行走,1,69
Gabby老师,28608,14111
鲸鱼110,11,237
慕容宇文公子,355,3632
怪物i,5,219
一往情深,4,74
有你就好,7,424
辞镜13,2,30
Ryan Ye,1,5
兜兜里有大炮,2,69
minnehehe,2,191
舞者龚溢文,27347,91
荒丶,37,1056
嘉麟,5360,94
小美,54146,29
第一财经周刊,85572,16
修罗,690,57
更深露重,1,19
不懂,4660,20
sheepp,54,42
Tikitoo,122071,295
xdot,16,85
Aline TT,6,48
Mia Li,5934,99
蜗牛,42,803
殷商时代,386,508
朋有,267,4
旧集散地,9598,839
Made InChina,23,291
金知,85513,372
Dian.Rhys,623,47
米業加工,540,2
FantasticCathy,206479,330
Tom,13,18
安雅,163971,200
冷暖自知James,49,968
王成,12,771
东吴,2,27
可歌可泣,70,164
考叔,174,3115
施盈,17013,5
daisy,11,79
艾原,3,7
juiceyang,122,111
[已重置],51,4966
夏天summer,54,103
负二,405857,1450
花絮,26,1996
Vinzent,3616,238
不要懒的M,5,160
杜培,5,20
爱到深处,11,28
陈星,7,3
明婳,17540,218
李校歌w,674,354
x52121,3809,202
苏翎,1,9
二硫化碳,3,11
kongni,16,52
Juniccc,4209,114
真名实姓,2,51
某皂,6,110
勤标,120,113
南归,1,2
zerooo,3,70
陈珂,30455,190
挽风,7606,1
Charnychi,7084,115
疯了疯了,1,11
司藤,186,41
Shane,4,123
懒癌少女,64,53
岭上疏星,106,145
绿萝晚星,4,86
秦元罗德,149,5096
张博,1096,122
BOBI,9,215
鲨鱼辣椒,230,396
睿丁英语,74,1
Hans,3056,6
白衣卿相,27,90
夏虫,12,185
周cc,8,64
james xu,7315,154
小碘,32800,111
[已重置],100,4912
娜珈,7166,227
Valentine,1,112
Emily Poverty,1294,9
王巍,4453,39
劉彥,49,1517
junbaou,1248,291
高哥,26,954
云开月明,2,23
西鱼摸岸,24991,26
程序猎人,44456,27
英雄联盟,24511,76
执黑敌夜,3,389
Vitata,49028,3390
小诺诺你带我回家,1,16
苏苏,2,17
Sufly,5,61
williamlee17,1,12
killuaZack,27,21
黄玮,14,771
林林林林的小愿望,1,40
不卑不亢,28,1272
独舞骄阳,21,321
WebleOn,660,82
SoundOfSilence,11,435
枯枫寒归,1160,19
飘叶,9783,155
豆豆,15,1246
丹青,1,26
KatherineP,5062,184
老八,156,164
露天睡觉,3,93
Akiris,541,1148
Tendou,20,219
张颖,19,29
周鑫,1370,2857
[已重置],78,4964
腾讯科技,116141,132
oo miko,3,46
困困,87833,232
妖猴,1265,1139
兔纸,1,41
踵事增华,14,108
hfyb,3,44
低眉,72327,7336
penny,5,402
LooKing,71,195
娄良,23691,110
DimLau,34674,157
来吃鸡吗,50,911
话今,30,17
David,8821,17
[已重置],32,4961
David Wong,129,198
[已重置],54,4970
OurDearAmy,309653,184
王小二的春天,1,4
许默,2172,14
周筠,119340,51
刘念,299799,861
韩言,52,2717
杨尘,11,37
之乎者也,1,7
张银,1,86
张弛,81,744
王杰,30,359
[已重置],2,78
米洛,114044,283
